"candidate_id","candidate_name","candidate_type","candidate_source","longitude","latitude","safe_z12","safe_z123","x_32118","y_32118"
"EC_001","Adams St Educational Campus","official_evacuation_center","NYC Hurricane Evacuation Centers","-73.988347594505740","40.694632261301344","1","1","300984.886600002646446","58628.375199999660254"
"EC_002","M.S. 2 Parkside Prep","official_evacuation_center","NYC Hurricane Evacuation Centers","-73.951475088663244","40.656414223009115","1","1","304103.781599998474121","54385.425299998372793"
"EC_003","P.S. 7 Abraham Lincoln","official_evacuation_center","NYC Hurricane Evacuation Centers","-73.873156564825905","40.689174947551813","1","1","310721.956200003623962","58030.049800001084805"
"EC_010","Bushwick Educational Campus","official_evacuation_center","NYC Hurricane Evacuation Centers","-73.911846706653776","40.696812978814627","1","1","307450.662699997425079","58874.222699999809265"
"EC_015","Old I.S. 324","official_evacuation_center","NYC Hurricane Evacuation Centers","-73.932373548070046","40.687938147721219","1","1","305716.507799997925758","57887.149700000882149"
"EC_016","P.S. 6","official_evacuation_center","NYC Hurricane Evacuation Centers","-73.956267202642039","40.649053301569396","1","1","303698.917700000107288","53567.801600001752377"
"EC_021","J.H.S. 383 Philippa Schuyler","official_evacuation_center","NYC Hurricane Evacuation Centers","-73.919287755011311","40.697693632530303","1","1","306821.659900002181530","58971.411200001835823"
"EC_023","J.H.S. 88 Peter Rouget","official_evacuation_center","NYC Hurricane Evacuation Centers","-73.988259492495530","40.660283741479731","1","1","300992.844400003552437","54814.054999999701977"
"EC_025","P.S. 26 Jesse Owens","official_evacuation_center","NYC Hurricane Evacuation Centers","-73.931413395443585","40.691232158717774","1","1","305797.383699998259544","58253.005300000309944"
"EC_029","Medgar Evers College Prep","official_evacuation_center","NYC Hurricane Evacuation Centers","-73.951243752642185","40.666974703101964","1","1","304122.693099997937679","55558.149900000542402"
"EC_034","J.H.S. 259 William McKinley","official_evacuation_center","NYC Hurricane Evacuation Centers","-74.014778341642895","40.626213105525586","1","1","298749.620700001716614","51030.646099999547005"
"EC_037","Old I.S. 55","official_evacuation_center","NYC Hurricane Evacuation Centers","-73.913260039029893","40.674490936322485","1","1","307333.663300000131130","56395.292599998414516"
"EC_039","P.S. 24","official_evacuation_center","NYC Hurricane Evacuation Centers","-74.004539284926608","40.652805532485885","1","1","299616.089100003242493","53983.563200000673532"
"EC_044","P.S. 226 Alfred De B. Mason","official_evacuation_center","NYC Hurricane Evacuation Centers","-73.977202451977348","40.615246661358121","1","1","301929.192500002682209","49813.002000000327826"
"EC_046","P.S. 321 William Penn","official_evacuation_center","NYC Hurricane Evacuation Centers","-73.978549837783959","40.671668058252003","1","1","301813.638700000941753","56078.410000000149012"
"EC_052","P.S. 12 Peeks-Davis","official_evacuation_center","NYC Hurricane Evacuation Centers","-73.920234622241168","40.672930139059204","1","1","306744.136399999260902","56221.409499999135733"
"EC_058","P.S. 289 George V. Brower","official_evacuation_center","NYC Hurricane Evacuation Centers","-73.942349319240151","40.673868511927935","1","1","304874.277800001204014","56324.146899998188019"
"EC_060","I.S. 30 Mary White Ovington","official_evacuation_center","NYC Hurricane Evacuation Centers","-74.024532588295216","40.633451401699446","1","1","297924.549699999392033","51834.622400000691414"
"SCH_0001","P.S. 003 The Bedford Village","school","NYC_School_Points","-73.955219000000000","40.682310999999999","1","1","303785.807999998331070","57260.112500000745058"
"SCH_0002","The Emily Warren Roebling School","school","NYC_School_Points","-73.992840999999999","40.700709000000003","1","1","300605.161100000143051","59302.226900000125170"
"SCH_0003","Public School 9 The Sarah Smith Garnet School","school","NYC_School_Points","-73.966333000000006","40.678553999999998","1","1","302846.415600001811981","56842.485899999737740"
"SCH_0004","P.S. 011 Purvis J. Behan","school","NYC_School_Points","-73.965890000000002","40.685896000000000","1","1","302883.550499998033047","57657.812199998646975"
"SCH_0005","P.S. 020 Clinton Hill","school","NYC_School_Points","-73.970895999999996","40.690742000000000","1","1","302460.198399998247623","58195.796799998730421"
"SCH_0006","P.S. 044 Marcus Garvey","school","NYC_School_Points","-73.940859000000003","40.686213000000002","1","1","304999.477700002491474","57694.140599999576807"
"SCH_0007","P.S. 046 Edward C. Blum","school","NYC_School_Points","-73.971643999999998","40.694530000000000","1","1","302396.836000002920628","58616.425200000405312"
"SCH_0008","P.S. 54 The Detective Rafael Ramos School","school","NYC_School_Points","-73.952504000000005","40.692616000000001","1","1","304014.707599997520447","58404.580099999904633"
"SCH_0009","P.S. 056 Lewis H. Latimer","school","NYC_School_Points","-73.960536000000005","40.684286000000000","1","1","303336.221900001168251","57479.215500000864267"
"SCH_0010","P.S. 067 Charles A. Dorsey","school","NYC_School_Points","-73.977673999999993","40.695338999999997","1","1","301887.143700003623962","58706.115499999374151"
"SCH_0011","P.S. 093 William H. Prescott","school","NYC_School_Points","-73.946381000000002","40.679079000000002","1","1","304533.172399997711182","56901.626200001686811"
"SCH_0012","M.S. 113 Ronald Edmonds Learning Center","school","NYC_School_Points","-73.971474000000001","40.688769000000001","1","1","302411.413099996745586","57976.683499999344349"
"SCH_0013","P.S. 133 William A. Butler","school","NYC_School_Points","-73.980455000000006","40.679915999999999","1","1","301652.472199998795986","56993.370099999010563"
"SCH_0014","P.S. 256 Benjamin Banneker","school","NYC_School_Points","-73.949610000000007","40.690595000000002","1","1","304259.451099999248981","58180.289200000464916"
"SCH_0015","Dr. Susan S. McKinney Secondary School of the Arts","school","NYC_School_Points","-73.976104000000007","40.697177000000003","1","1","302019.786399997770786","58910.256400000303984"
"SCH_0016","M.S. K266 - Park Place Community Middle School","school","NYC_School_Points","-73.976647999999997","40.678809000000001","1","1","301974.351800002157688","56870.519200000911951"
"SCH_0017","P.S. 270 Johann DeKalb","school","NYC_School_Points","-73.960808000000000","40.689498999999998","1","1","303312.969300001859665","58058.096900001168251"
"SCH_0018","P.S. 282 Park Slope","school","NYC_School_Points","-73.977982999999995","40.676648999999998","1","1","301861.548299998044968","56630.627199999988079"
"SCH_0019","P.S. 287 Bailey K. Ashford","school","NYC_School_Points","-73.981120000000004","40.697856000000002","0","0","301595.823299996554852","58985.554400000721216"
"SCH_0021","P.S. 307 Daniel Hale Williams","school","NYC_School_Points","-73.981599000000003","40.701788999999998","1","1","301555.247400000691414","59422.297200001776218"
"SCH_0022","Dock Street School for STEAM Studies","school","NYC_School_Points","-73.992075999999997","40.702952000000003","0","0","300669.792099997401237","59551.312899999320507"
"SCH_0023","Urban Assembly School of Music and Art","school","NYC_School_Points","-73.984527999999997","40.697330000000001","1","1","301307.796099998056889","58927.086800001561642"
"SCH_0025","Brooklyn Community Arts & Media High School (BCAM)","school","NYC_School_Points","-73.958179999999999","40.692014999999998","1","1","303534.977200001478195","58337.595699999481440"
"SCH_0027","Brooklyn Technical High School","school","NYC_School_Points","-73.976434999999995","40.688896000000000","1","1","301992.057999998331070","57990.662000000476837"
"SCH_0029","Albee Square Montessori Public School","school","NYC_School_Points","-73.983827000000005","40.691124000000002","1","1","301367.170900002121925","58237.934700001031160"
"SCH_0030","The Urban Assembly School for Law and Justice","school","NYC_School_Points","-73.988322999999994","40.694628999999999","1","1","300987.087399996817112","58627.096799999475479"
"SCH_0031","Academy of Arts and Letters","school","NYC_School_Points","-73.945729999999998","40.685653000000002","1","1","304587.756899997591972","57631.687300000339746"
"SCH_0033","Brooklyn Academy High School","school","NYC_School_Points","-73.947873000000001","40.684654000000002","1","1","304406.667599998414516","57520.640599999576807"
"SCH_0034","Gotham Professional Arts Academy","school","NYC_School_Points","-73.961635999999999","40.678590999999997","1","1","303243.509999997913837","56846.757899999618530"
"SCH_0035","Bedford Academy High School","school","NYC_School_Points","-73.953692000000004","40.685485999999997","1","1","303914.710799999535084","57612.755899999290705"
"SCH_0036","George Westinghouse Career and Technical Education","school","NYC_School_Points","-73.986104999999995","40.695444000000002","1","1","301174.543200001120567","58717.628199998289347"
"SCH_0038","Benjamin Banneker Academy","school","NYC_School_Points","-73.968759000000006","40.695388999999999","1","1","302640.648699998855591","58711.898200001567602"
"SCH_0042","Bridges: A School for Exploration and Equity","school","NYC_School_Points","-73.973491999999993","40.682163000000003","1","1","302241.054399996995926","57243.048900000751019"
"SCH_0044","P.S. 016 Leonard Dunkly","school","NYC_School_Points","-73.962048999999993","40.706068999999999","1","1","303207.272100001573563","59898.113800000399351"
"SCH_0045","P.S. 017 Henry D. Woodworth","school","NYC_School_Points","-73.957300000000004","40.715268000000002","1","1","303608.101099997758865","60919.829500000923872"
"SCH_0046","P.S. 018 Edward Bush","school","NYC_School_Points","-73.946695000000005","40.710880000000003","1","1","304504.477399997413158","60433.041600000113249"
"SCH_0047","P.S. 023 Carter G. Woodson","school","NYC_School_Points","-73.947255999999996","40.694470000000003","1","1","304458.169200003147125","58610.716400001198053"
"SCH_0048","P.S. 031 Samuel F. Dupont","school","NYC_School_Points","-73.954138999999998","40.726970000000001","1","0","303874.512500002980232","62219.450599998235703"
"SCH_0049","P.S. 034 Oliver H. Perry","school","NYC_School_Points","-73.949755999999994","40.726377999999997","1","1","304244.831100001931190","62153.913100000470877"
"SCH_0050","J.H.S. 050 John D. Wells","school","NYC_School_Points","-73.960137000000003","40.711914999999998","1","1","303368.555399999022484","60547.372299998998642"
"SCH_0051","P.S. 059 The Dawn Best School","school","NYC_School_Points","-73.943279000000004","40.697619000000003","1","1","304794.088100001215935","58960.616099998354912"
"SCH_0052","Juan Morel Campos Secondary School","school","NYC_School_Points","-73.953304000000003","40.703995999999997","1","1","303946.414200000464916","59668.268399998545647"
"SCH_0053","P.S. 084 Jose De Diego","school","NYC_School_Points","-73.963808000000000","40.715088999999999","1","1","303058.209399998188019","60899.704300001263618"
"SCH_0054","P.S. 110 The Monitor","school","NYC_School_Points","-73.941925999999995","40.723742999999999","1","1","304906.518299996852875","61861.709899999201298"
"SCH_0055","P.S. 120 Carlos Tapia","school","NYC_School_Points","-73.937888000000001","40.700819000000003","1","1","305249.474600002169609","59316.278299998492002"
"SCH_0056","John Ericsson Middle School 126","school","NYC_School_Points","-73.947931999999994","40.719817999999997","1","1","304399.358999997377396","61425.526700001209974"
"SCH_0057","P.S. 132 The Conselyea School","school","NYC_School_Points","-73.945662999999996","40.714772000000004","1","1","304591.414899997413158","60865.294300001114607"
"SCH_0058","P.S. 147 Isaac Remsen","school","NYC_School_Points","-73.938789999999997","40.705005000000000","1","1","305172.917900003492832","59781.071199998259544"
"SCH_0059","P.S./I.S. 157 The Benjamin Franklin Health & Scien","school","NYC_School_Points","-73.959998999999996","40.695397000000000","1","1","303381.053900003433228","58713.087600000202656"
"SCH_0060","P.S. 196 Ten Eyck","school","NYC_School_Points","-73.939385000000001","40.708804000000001","1","1","305122.343099996447563","60202.907499998807907"
"SCH_0061","P.S. 250 George H. Lindsay","school","NYC_School_Points","-73.945659000000006","40.706707999999999","1","1","304592.308300003409386","59969.803100001066923"
"SCH_0062","P.S. 257 John F. Hylan","school","NYC_School_Points","-73.941344999999998","40.702759000000000","1","1","304957.164399996399879","59531.509799998253584"
"SCH_0063","P.S. 297 Abraham Stockton","school","NYC_School_Points","-73.948166000000001","40.697377000000003","1","1","304381.062899999320507","58933.486600000411272"
"SCH_0064","I.S. 318 Eugenio Maria De Hostos","school","NYC_School_Points","-73.948770999999994","40.703034000000002","1","1","304329.561700001358986","59561.654399998486042"
"SCH_0065","P.S. 319","school","NYC_School_Points","-73.953880999999996","40.709631999999999","1","1","303897.322300001978874","60294.109099999070168"
"SCH_0066","P.S. 380 John Wayne Elementary","school","NYC_School_Points","-73.953702000000007","40.701790000000003","1","0","303912.908600002527237","59423.278799999505281"
"SCH_0067","Brooklyn Arbor Elementary School","school","NYC_School_Points","-73.954678000000001","40.710107000000001","1","1","303829.946000002324581","60346.821699999272823"
"SCH_0068","Brooklyn Latin School, The","school","NYC_School_Points","-73.944462999999999","40.709764999999997","1","1","304693.163400001823902","60309.340199999511242"
"SCH_0070","PROGRESS High School for Professional Careers","school","NYC_School_Points","-73.938920999999993","40.711134000000001","1","1","305161.372699998319149","60461.676600001752377"
"SCH_0073","Brooklyn Preparatory High School","school","NYC_School_Points","-73.954814999999996","40.715561000000001","1","0","303818.056800000369549","60952.471999999135733"
"SCH_0079","A-Tech High School","school","NYC_School_Points","-73.953327999999999","40.721448000000002","1","0","303943.353399999439716","61606.278299998492002"
"SCH_0081","El Puente Academy for Peace and Justice","school","NYC_School_Points","-73.955741000000003","40.705539999999999","1","1","303740.376000002026558","59839.619500000029802"
"SCH_0082","P.S. 001 The Bergen","school","NYC_School_Points","-74.011420000000001","40.648958999999998","1","1","299034.217799998819828","53555.553899999707937"
"SCH_0083","Magnet School of Math, Science and Design Technolo","school","NYC_School_Points","-73.985945999999998","40.660912000000003","1","1","301188.597199998795986","54882.934500001370907"
"SCH_0084","P.S. 015 Patrick F. Daly","school","NYC_School_Points","-74.011864000000003","40.677084999999998","0","0","298997.087399996817112","56678.878100000321865"
"SCH_0085","P.S. 024","school","NYC_School_Points","-74.004532999999995","40.652831999999997","1","1","299616.742899999022484","53985.586800001561642"
"SCH_0086","P.S. 029 John M. Harrigan","school","NYC_School_Points","-73.997446999999994","40.686843000000003","1","1","300215.932400003075600","57762.416200000792742"
"SCH_0087","P.S. 032 Samuel Mills Sprole","school","NYC_School_Points","-73.991140999999999","40.680159000000003","1","1","300749.066500000655651","57020.208299998193979"
"SCH_0088","P.S. 038 The Pacific","school","NYC_School_Points","-73.982826000000003","40.684944999999999","1","1","301451.916500002145767","57551.786800000816584"
"SCH_0089","P.S. 039 Henry Bristow","school","NYC_School_Points","-73.982909000000006","40.668644000000000","1","1","301445.253300003707409","55741.598799999803305"
"SCH_0090","M.S. 51 William Alexander","school","NYC_School_Points","-73.985050000000001","40.672358000000003","1","1","301264.150399997830391","56153.996100001037121"
"SCH_0091","P.S. 058 The Carroll","school","NYC_School_Points","-73.995486000000000","40.680379000000002","1","1","300381.736699998378754","57044.610800001770258"
"SCH_0092","J.H.S. 088 Peter Rouget","school","NYC_School_Points","-73.988742999999999","40.660805000000003","1","1","300952.070699997246265","54871.018300000578165"
"SCH_0093","P.S. 094 The Henry Longfellow","school","NYC_School_Points","-74.008795000000006","40.643729999999998","1","1","299256.182199999690056","52974.862500000745058"
"SCH_0094","P.S. 107 John W. Kimball","school","NYC_School_Points","-73.981181000000007","40.662945000000001","1","1","301591.500399999320507","55108.769499998539686"
"SCH_0095","The Maurice Sendak Community School","school","NYC_School_Points","-73.987601999999995","40.671145000000003","1","1","301048.396899998188019","56019.261799998581409"
"SCH_0096","P.S. 124 Silas B. Dutcher","school","NYC_School_Points","-73.990620000000007","40.667464000000002","1","1","300793.262900002300739","55610.464299999177456"
"SCH_0097","P.S. 130 The Parkside","school","NYC_School_Points","-73.976052999999993","40.648924000000001","1","1","302025.561599999666214","53551.881000000983477"
"SCH_0098","P.S. 131 Brooklyn","school","NYC_School_Points","-73.993246999999997","40.640728000000003","1","1","300571.361599996685982","52641.483600001782179"
"SCH_0099","I.S. 136 Charles O. Dewey","school","NYC_School_Points","-74.007596000000007","40.652127000000000","1","1","299357.682400003075600","53907.316399998962879"
"SCH_0100","The Brooklyn New School, P.S. 146","school","NYC_School_Points","-74.002021999999997","40.679462000000001","1","1","299829.179499998688698","56942.772199999541044"
"SCH_0101","The Windsor Terrace School","school","NYC_School_Points","-73.975966999999997","40.657001999999999","1","1","302032.589400000870228","54448.922800000756979"
"SCH_0102","P.S. 169 Sunset Park","school","NYC_School_Points","-74.001700000000000","40.645825000000002","1","1","299856.329199999570847","53207.470400001853704"
"SCH_0103","P.S. 172 Beacon School of Excellence","school","NYC_School_Points","-74.000191000000001","40.657682000000001","1","1","299983.969400003552437","54524.156300000846386"
"SCH_0104","P.S. 230 Doris L. Cohen","school","NYC_School_Points","-73.980514999999997","40.645609000000000","1","1","301648.247100003063679","53183.666000001132488"
"SCH_0105","P.S. 261 Zipporiah Mills","school","NYC_School_Points","-73.988667000000007","40.687218000000001","1","1","300958.118199996650219","57804.117899999022484"
"SCH_0107","P.S. 321 William Penn","school","NYC_School_Points","-73.978633000000002","40.671816000000000","1","1","301806.725000001490116","56093.920800000429153"
"SCH_0108","The Children's School","school","NYC_School_Points","-73.985500000000002","40.676197999999999","1","1","301226.032200001180172","56580.412300001829863"
"SCH_0109","Brooklyn Frontiers High School","school","NYC_School_Points","-73.989368999999996","40.690007000000001","1","1","300898.739500001072884","58113.822599999606609"
"SCH_0110","Global Innovators Academy","school","NYC_School_Points","-74.008105999999998","40.650793000000000","1","1","299314.534999996423721","53759.183200001716614"
"SCH_0111","Digital Arts and Cinema Technology High School","school","NYC_School_Points","-73.993292999999994","40.685006000000001","1","1","300567.094099998474121","57558.440200001001358"
"SCH_0112","M.S. 442 Carroll Gardens School for Innovation","school","NYC_School_Points","-73.983115999999995","40.656951999999997","1","1","301428.000600002706051","54443.229299999773502"
"SCH_0114","The Exploratory School","school","NYC_School_Points","-73.980266000000000","40.683951000000000","1","1","301668.349500000476837","57441.451000001281500"
"SCH_0116","The Elizabeth Jennings School for Bold Explorers","school","NYC_School_Points","-73.979648999999995","40.686498000000000","1","1","301720.442400000989437","57724.301399998366833"
"SCH_0117","John Jay School for Law","school","NYC_School_Points","-73.978579999999994","40.669255000000000","1","1","301811.275700002908707","55809.529300000518560"
"SCH_0121","Sunset Park Avenues Elementary School","school","NYC_School_Points","-74.008983999999998","40.650404000000002","1","1","299240.271300002932549","53715.993099998682737"
"SCH_0122","Cobble Hill School of American Studies","school","NYC_School_Points","-73.990883999999994","40.684868999999999","1","1","300770.738899998366833","57543.245000001043081"
"SCH_0123","West Brooklyn Community High School","school","NYC_School_Points","-73.992151000000007","40.642619000000003","1","1","300664.053900003433228","52851.481499999761581"
"SCH_0124","Khalil Gibran International Academy","school","NYC_School_Points","-73.979828999999995","40.686146999999998","1","1","301705.235399998724461","57685.320199999958277"
"SCH_0126","Sunset Park High School","school","NYC_School_Points","-74.004341999999994","40.655583000000000","1","1","299632.911899998784065","54291.077100001275539"
"SCH_0127","Red Hook Neighborhood School","school","NYC_School_Points","-74.005150999999998","40.677914000000001","0","0","299564.639300003647804","56770.881299998611212"
"SCH_0129","South Brooklyn Community High School","school","NYC_School_Points","-74.014363000000003","40.677968000000000","0","0","298785.826999999582767","56776.964699998497963"
"SCH_0130","The Little Brooklyn Pre-K Center","school","NYC_School_Points","-73.998973000000007","40.661059000000002","1","1","300086.969999998807907","54899.163699999451637"
"SCH_0132","M.S. 839","school","NYC_School_Points","-73.973363000000006","40.647598000000002","1","1","302253.126900002360344","53404.698100000619888"
"SCH_0134","The School of Creativity and Innovation","school","NYC_School_Points","-74.004306000000000","40.643017999999998","1","1","299635.887900002300739","52895.768500000238419"
"SCH_0135","P.S. 958","school","NYC_School_Points","-74.002161999999998","40.653343999999997","1","1","299817.271999999880791","54042.435300000011921"
"SCH_0136","P.S. 005 Dr. Ronald McNair","school","NYC_School_Points","-73.921970000000002","40.685240999999998","1","1","306596.313900001347065","57587.452300000935793"
"SCH_0137","P.S. 021 Crispus Attucks","school","NYC_School_Points","-73.926672999999994","40.680349999999997","1","1","306199.204999998211861","57043.974899999797344"
"SCH_0138","P.S. 025 Eubie Blake School","school","NYC_School_Points","-73.940748999999997","40.691471999999997","1","1","305008.381200000643730","58278.146800000220537"
"SCH_0139","P.S. 026 Jesse Owens","school","NYC_School_Points","-73.931700000000006","40.692100000000003","1","1","305773.203900001943111","58348.441599998623133"
"SCH_0140","M.S. 035 Stephen Decatur","school","NYC_School_Points","-73.935890999999998","40.681528000000000","1","1","305419.817400000989437","57174.177700001746416"
"SCH_0141","P.S. 040 George W. Carver","school","NYC_School_Points","-73.921098999999998","40.680239000000000","1","1","306670.443300001323223","57032.058100000023842"
"SCH_0142","Whitelaw Reid Academy of Arts and Business","school","NYC_School_Points","-73.932254000000000","40.691467000000003","1","1","305726.431199997663498","58278.112100001424551"
"SCH_0143","P.S. 081 Thaddeus Stevens","school","NYC_School_Points","-73.935123000000004","40.692866000000002","1","1","305483.810699999332428","58433.284299999475479"
"SCH_0144","P.S. 243K- The Weeksville School","school","NYC_School_Points","-73.935092999999995","40.675674999999998","1","1","305487.760899998247623","56524.265999998897314"
"SCH_0145","P.S. 262 El Hajj Malik El Shabazz Elementary Schoo","school","NYC_School_Points","-73.930132000000000","40.682949000000001","1","1","305906.550200000405312","57332.348700001835823"
"SCH_0146","M.S. 267 Math, Science & Technology","school","NYC_School_Points","-73.932066000000006","40.687970000000000","1","1","305742.623300001025200","57889.790500000119209"
"SCH_0147","P.S. 308 Clara Cardwell","school","NYC_School_Points","-73.935508999999996","40.688322999999997","1","1","305451.555699996650219","57928.770300000905991"
"SCH_0148","P.S. 309 The George E. Wibecan Preparatory Academy","school","NYC_School_Points","-73.924422000000007","40.688099999999999","1","1","306388.762599997222424","57904.755899999290705"
"SCH_0149","P.S. 335 Granville T. Woods","school","NYC_School_Points","-73.928673000000003","40.674491000000003","1","1","306030.654299996793270","56393.207699999213219"
"SCH_0150","Boys and Girls High School","school","NYC_School_Points","-73.931603999999993","40.678477999999998","1","1","305782.499399997293949","56835.756700001657009"
"SCH_0151","Brooklyn High School for Law and Technology","school","NYC_School_Points","-73.920603000000000","40.688398999999997","1","1","306711.553999997675419","57938.244800001382828"
"SCH_0152","Brighter Choice Community School","school","NYC_School_Points","-73.941277999999997","40.693654000000002","1","1","304963.504500001668930","58520.422899998724461"
"SCH_0159","Parkside Preparatory Academy","school","NYC_School_Points","-73.951575000000005","40.656422999999997","1","1","304095.452699996531010","54385.479499999433756"
"SCH_0160","Norma Adams Clemons Academy","school","NYC_School_Points","-73.956278999999995","40.648972999999998","1","1","303698.045699998736382","53557.968299999833107"
"SCH_0161","Dr. Jacqueline Peek-Davis School","school","NYC_School_Points","-73.920095000000003","40.673124000000001","1","1","306756.042499996721745","56242.031899999827147"
"SCH_0162","M.S. 061 Dr. Gladstone H. Atwell","school","NYC_School_Points","-73.949197999999996","40.663604999999997","1","1","304296.014499999582767","55183.135400000959635"
"SCH_0163","P.S. 091 The Albany Avenue School","school","NYC_School_Points","-73.940707000000003","40.661805999999999","1","1","305014.161200001835823","54983.812399998307228"
"SCH_0164","P.S. 092 Adrian Hegeman","school","NYC_School_Points","-73.953810000000004","40.656275999999998","1","1","303906.446099996566772","54369.053500000387430"
"SCH_0165","Pathways in Technology Early College High School (","school","NYC_School_Points","-73.939282000000006","40.675905000000000","1","1","305133.579300001263618","56549.552900001406670"
"SCH_0166","P.S. 138 Brooklyn","school","NYC_School_Points","-73.951559000000003","40.673943000000001","1","1","304095.730099998414516","56331.030900001525879"
"SCH_0167","P.S. 161 The Crown","school","NYC_School_Points","-73.949242999999996","40.665756999999999","1","1","304292.070799998939037","55422.107200000435114"
"SCH_0168","P.S. 181 Brooklyn","school","NYC_School_Points","-73.945882999999995","40.648217000000002","1","1","304577.391400001943111","53474.507599998265505"
"SCH_0169","P.S. 189 The Bilingual Center","school","NYC_School_Points","-73.925434999999993","40.665227999999999","1","1","306305.295199997723103","55364.803199999034405"
"SCH_0170","P.S. 191 Paul Robeson","school","NYC_School_Points","-73.924126999999999","40.671729999999997","1","1","306415.273500002920628","56086.928599998354912"
"SCH_0171","P.S. 221 Toussaint L'Ouverture","school","NYC_School_Points","-73.935753000000005","40.663964000000000","1","1","305432.914200000464916","55223.747999999672174"
"SCH_0172","P.S. 241 Emma L. Johnston","school","NYC_School_Points","-73.960924000000006","40.668913000000003","1","1","303304.183700002729893","55772.066500000655651"
"SCH_0173","M.S. 246 Walt Whitman","school","NYC_School_Points","-73.953479999999999","40.648352000000003","1","1","303934.821699999272823","53489.129900000989437"
"SCH_0174","P.S. 249 The Caton","school","NYC_School_Points","-73.966455999999994","40.649509000000002","1","1","302837.251900002360344","53617.109999999403954"
"SCH_0175","P.S. 289 George V. Brower","school","NYC_School_Points","-73.942401000000004","40.674244000000002","1","1","304870.001999996602535","56364.924899999052286"
"SCH_0176","P.S. 316 Elijah Stroud","school","NYC_School_Points","-73.961417999999995","40.674684999999997","1","1","303262.131399996578693","56413.014199998229742"
"SCH_0177","I.S. 340","school","NYC_School_Points","-73.970314999999999","40.676357000000003","1","1","302509.849899999797344","56598.392599999904633"
"SCH_0178","Ebbets Field Middle School","school","NYC_School_Points","-73.959484000000003","40.665199000000001","1","1","303426.133299998939037","55359.691599998623133"
"SCH_0179","Elijah Stroud Middle School","school","NYC_School_Points","-73.960093000000001","40.677100000000003","1","1","303374.034500002861023","56681.244199998676777"
"SCH_0180","The School of Integrated Learning","school","NYC_School_Points","-73.937601000000001","40.672289999999997","1","1","305275.986900001764297","56148.215999998152256"
"SCH_0182","Academy for College Preparation and Career Explora","school","NYC_School_Points","-73.957172999999997","40.649602000000002","1","1","303622.396899998188019","53627.779599998146296"
"SCH_0183","M.S. K394","school","NYC_School_Points","-73.928916999999998","40.672710000000002","1","1","306010.185199998319149","56195.415399998426437"
"SCH_0184","P.S. 397 Foster-Laurie","school","NYC_School_Points","-73.946358000000004","40.658662999999997","1","1","304536.505099996924400","54634.482599999755621"
"SCH_0185","P.S. 398 Walter Weaver","school","NYC_School_Points","-73.927978999999993","40.663387999999998","1","1","306090.343999996781349","55160.296000000089407"
"SCH_0186","P.S. 399 Stanley Eugene Clark","school","NYC_School_Points","-73.951663999999994","40.648277000000000","1","1","304088.425099998712540","53480.884500000625849"
"SCH_0189","International High School at Prospect Heights","school","NYC_School_Points","-73.960689000000002","40.669804999999997","1","1","303324.009599998593330","55871.129700001329184"
"SCH_0191","New Bridges Elementary","school","NYC_School_Points","-73.934315999999995","40.669556999999998","1","1","305553.962600000202656","55844.926300000399351"
"SCH_0195","High School for Public Service: Heroes of Tomorrow","school","NYC_School_Points","-73.943838999999997","40.658670999999998","1","1","304749.530699998140335","54635.504399999976158"
"SCH_0198","Brownsville Academy High School","school","NYC_School_Points","-73.923880999999994","40.666251000000003","1","1","306436.601800002157688","55478.517599999904633"
"SCH_0199","Medgar Evers College Preparatory School","school","NYC_School_Points","-73.951823000000005","40.666789999999999","1","1","304073.846100002527237","55536.695999998599291"
"SCH_0203","New Heights Middle School","school","NYC_School_Points","-73.936312999999998","40.662092000000001","1","1","305385.711199998855591","55015.832699999213219"
"SCH_0207","P.S. 66","school","NYC_School_Points","-73.907064000000005","40.648749000000002","1","1","307860.677199997007847","53536.340500000864267"
"SCH_0208","I.S. 068 Isaac Bildersee","school","NYC_School_Points","-73.911214999999999","40.635387999999999","1","0","307511.088200002908707","52052.276399999856949"
"SCH_0209","P.S. 114 Ryder Elementary","school","NYC_School_Points","-73.907880000000006","40.642684000000003","1","1","307792.367899999022484","52862.766899999231100"
"SCH_0210","P.S. 115 Daniel Mucatel School","school","NYC_School_Points","-73.897896000000003","40.634861000000001","1","0","308637.906700000166893","51994.982299998402596"
"SCH_0211","P.S. 135 Sheldon A. Brookner","school","NYC_School_Points","-73.932948999999994","40.653092999999998","1","1","305670.947300001978874","54016.730399999767542"
"SCH_0212","P.S. 208 Elsa Ebeling","school","NYC_School_Points","-73.930897999999999","40.642699999999998","1","1","305845.320600003004074","52862.751899998635054"
"SCH_0213","I.S. 211 John Wilson","school","NYC_School_Points","-73.895223999999999","40.642930999999997","0","0","308862.880300000309944","52891.398600000888109"
"SCH_0214","P.S. 219 Kennedy-King","school","NYC_School_Points","-73.922296000000003","40.658833999999999","1","1","306571.356899999082088","54654.997200001031160"
"SCH_0215","P.S. 233 Langston Hughes","school","NYC_School_Points","-73.914282000000000","40.651642000000002","1","1","307249.862400002777576","53856.977499999105930"
"SCH_0216","P.S. 235 Janice Marie Knight School","school","NYC_School_Points","-73.940922000000000","40.655337000000003","1","1","304996.464400000870228","54265.434999998658895"
"SCH_0217","P.S. 244 Richard R. Green","school","NYC_School_Points","-73.925591999999995","40.647851000000003","1","1","306293.658399999141693","53435.123399998992682"
"SCH_0218","P.S. 268 Emma Lazarus","school","NYC_School_Points","-73.927560000000000","40.657420999999999","1","1","306126.323399998247623","54497.705800000578165"
"SCH_0219","P.S. 272 Curtis Estabrook","school","NYC_School_Points","-73.886373000000006","40.635542000000001","0","0","309612.629699997603893","52071.805599998682737"
"SCH_0220","P.S. 276 Louis Marshall","school","NYC_School_Points","-73.908435999999995","40.634005000000002","0","0","307746.344400003552437","51898.940299998968840"
"SCH_0221","P.S. 279 Herman Schreiber","school","NYC_School_Points","-73.892797000000002","40.644134000000001","0","0","309068.010999999940395","53025.236600000411272"
"SCH_0222","I.S. 285 Meyer Levin","school","NYC_School_Points","-73.920783999999998","40.647818000000001","1","1","306700.329199999570847","53431.815299998968840"
"SCH_0223","The Science And Medicine Middle School","school","NYC_School_Points","-73.891743000000005","40.647396000000001","0","0","309156.717100001871586","53387.581900000572205"
"SCH_0224","It Takes a Village Academy","school","NYC_School_Points","-73.922212000000002","40.647728000000001","1","1","306579.555699996650219","53421.712900001555681"
"SCH_0225","Brooklyn Community High School for Excellence and","school","NYC_School_Points","-73.916927000000001","40.634450999999999","1","0","307027.967600002884865","51947.751299999654293"
"SCH_0230","The Middle School of Media, Law and Fine Arts","school","NYC_School_Points","-73.928743999999995","40.659087999999997","1","1","306026.042700000107288","54682.739500001072884"
"SCH_0231","Middle School for Art and Philosophy","school","NYC_School_Points","-73.919818000000006","40.657711999999997","1","1","306781.029299996793270","54530.590900000184774"
"SCH_0232","High School for Innovation in Advertising and Medi","school","NYC_School_Points","-73.898600999999999","40.640543000000001","1","1","308577.534699998795986","52625.882100000977516"
"SCH_0235","Olympus Academy","school","NYC_School_Points","-73.898606999999998","40.645964999999997","1","1","308576.330300003290176","53227.978700000792742"
"SCH_0238","East Brooklyn Community High School","school","NYC_School_Points","-73.920658000000003","40.659914000000001","1","1","306709.769900001585484","54775.052400000393391"
"SCH_0241","P.S. 007 Abraham Lincoln","school","NYC_School_Points","-73.872983000000005","40.689213000000002","1","1","310736.741400003433228","58033.379999998956919"
"SCH_0242","P.S. 013 Roberto Clemente","school","NYC_School_Points","-73.893327999999997","40.664067000000003","1","1","309020.400300003588200","55238.685699999332428"
"SCH_0243","P.S. 065","school","NYC_School_Points","-73.878353000000004","40.686534000000002","1","1","310283.234099999070168","57735.239199999719858"
"SCH_0244","P.S. 089 Cypress Hills","school","NYC_School_Points","-73.886712000000003","40.677706999999998","1","1","309577.895900003612041","56754.074799999594688"
"SCH_0245","P.S. 108 Sal Abbracciamento","school","NYC_School_Points","-73.884348000000003","40.681294999999999","1","1","309777.230800002813339","57152.774399999529123"
"SCH_0246","P.S. 149 Danny Kaye","school","NYC_School_Points","-73.892759999999996","40.669361000000002","1","1","309067.711199998855591","55826.629099998623133"
"SCH_0247","P.S. 158 Warwick","school","NYC_School_Points","-73.885214000000005","40.672590000000000","1","1","309705.286700002849102","56186.009799998253584"
"SCH_0248","P.S. 159 Isaac Pitkin","school","NYC_School_Points","-73.869704999999996","40.676110999999999","1","1","311015.991300001740456","56578.842099998146296"
"SCH_0249","I.S. 171 Abraham Lincoln","school","NYC_School_Points","-73.869433999999998","40.685851999999997","1","1","311037.290799997746944","57660.590100001543760"
"SCH_0250","P.S. 190 Sheffield","school","NYC_School_Points","-73.894876999999994","40.662242999999997","1","1","308889.658600002527237","55035.977000001817942"
"SCH_0251","P.S. 202 Ernest S. Jenkyns","school","NYC_School_Points","-73.876084000000006","40.665816999999997","1","1","310478.292300000786781","55434.937699999660254"
"SCH_0252","P.S. 213 New Lots","school","NYC_School_Points","-73.889967999999996","40.659844999999997","1","1","309305.113600000739098","54770.195500001311302"
"SCH_0253","P.S. 214 Michael Friedsam","school","NYC_School_Points","-73.862960999999999","40.675880999999997","1","1","311586.206399999558926","56554.171300001442432"
"SCH_0254","J.H.S. 218 James P. Sinnott","school","NYC_School_Points","-73.874537000000004","40.670020000000001","1","1","310608.435999996960163","55901.855900000780821"
"SCH_0255","P.S. 224 Hale A. Woodruff","school","NYC_School_Points","-73.866541999999995","40.664143000000003","1","0","311285.433600001037121","55250.229800000786781"
"SCH_0256","P.S. 273 Wortman","school","NYC_School_Points","-73.879276000000004","40.658499999999997","1","1","310209.501100003719330","54622.027800001204014"
"SCH_0257","P.S. 290 Juan Morel Campos","school","NYC_School_Points","-73.889375000000001","40.678182000000000","1","1","309352.689900003373623","56806.534600000828505"
"SCH_0258","J.H.S. 292 Margaret S. Douglas","school","NYC_School_Points","-73.893319000000005","40.671601000000003","1","1","309020.142499998211861","56075.317600000649691"
"SCH_0259","P.S. 306 Ethan Allen","school","NYC_School_Points","-73.886619999999994","40.655340000000002","1","1","309588.888700000941753","54270.288699999451637"
"SCH_0260","The Fresh Creek School","school","NYC_School_Points","-73.893293999999997","40.653368000000000","0","0","309024.722599998116493","54050.594599999487400"
"SCH_0261","P.S. 328 Phyllis Wheatley","school","NYC_School_Points","-73.898249000000007","40.667985000000002","1","1","308603.770999997854233","55673.274300001561642"
"SCH_0262","P.S. 345 Patrolman Robert Bolden","school","NYC_School_Points","-73.879885999999999","40.676206999999998","1","1","310155.218500003218651","56588.272399999201298"
"SCH_0263","P.S. 346 Abe Stark","school","NYC_School_Points","-73.881996999999998","40.646639999999998","1","1","309981.166000001132488","53304.694899998605251"
"SCH_0264","Academy for Young Writers","school","NYC_School_Points","-73.874064000000004","40.657266000000000","1","1","310650.465800002217293","54485.616099998354912"
"SCH_0265","East New York Family Academy","school","NYC_School_Points","-73.886668000000000","40.661102000000000","1","1","309584.001400001347065","54910.137600000947714"
"SCH_0268","FDNY - Captain Vernon A. Richard High School for F","school","NYC_School_Points","-73.895122000000001","40.666868000000001","1","1","308868.325800001621246","55549.546100001782179"
"SCH_0271","Brooklyn Gardens Elementary School","school","NYC_School_Points","-73.897604000000001","40.665446000000003","1","1","308658.639200001955032","55391.388500001281500"
"SCH_0272","Multicultural High School","school","NYC_School_Points","-73.869304999999997","40.693002000000000","1","1","311047.010999999940395","58454.596900001168251"
"SCH_0273","Transit Tech Career and Technical Education High S","school","NYC_School_Points","-73.875327999999996","40.678780000000003","1","1","310540.169900000095367","56874.535999998450279"
"SCH_0276","Van Siclen Community Middle School","school","NYC_School_Points","-73.885704000000004","40.659934000000000","1","1","309665.690899997949600","54780.540399998426437"
"SCH_0278","W. H. Maxwell Career and Technical Education High","school","NYC_School_Points","-73.895976000000005","40.673766000000001","1","1","308795.204199999570847","56315.465199999511242"
"SCH_0279","Vista Academy","school","NYC_School_Points","-73.884210999999993","40.677112000000001","1","1","309789.426600001752377","56688.278000000864267"
"SCH_0282","East New York Elementary School of Excellence","school","NYC_School_Points","-73.879131000000001","40.669358000000003","1","1","310220.099699996411800","55827.796399999409914"
"SCH_0288","M.S. 935","school","NYC_School_Points","-73.875152000000000","40.680655000000002","1","1","310554.752599999308586","57082.771200001239777"
"SCH_0292","P.S./I.S. 30 Mary White Ovington","school","NYC_School_Points","-74.023949999999999","40.633597999999999","1","1","297973.963299997150898","51849.973000001162291"
"SCH_0293","P.S. 048 Mapleton","school","NYC_School_Points","-73.987165000000005","40.621481000000003","1","1","301086.153999999165535","50504.219500001519918"
"SCH_0294","J.H.S. 062 Ditmas","school","NYC_School_Points","-73.971153000000001","40.638086999999999","1","1","302440.400300003588200","52348.587900001555681"
"SCH_0295","P.S. 69 Vincent D. Grippo School","school","NYC_School_Points","-74.009752000000006","40.632392000000003","1","1","299175.092500001192093","51715.819200001657009"
"SCH_0296","P.S. 102 The Bayview","school","NYC_School_Points","-74.028757999999996","40.634318000000000","1","1","297567.235100001096725","51930.049300000071526"
"SCH_0297","P.S./I.S. 104 The Fort Hamilton School","school","NYC_School_Points","-74.028492000000000","40.618077000000000","1","1","297589.151699997484684","50126.528599999845028"
"SCH_0298","P.S. 105 The Blythebourne","school","NYC_School_Points","-74.003635000000003","40.633319999999998","1","1","299692.601400002837181","51818.831300001591444"
"SCH_0299","P.S. 112 Lefferts Park","school","NYC_School_Points","-74.000564999999995","40.619416999999999","1","1","299952.313100002706051","50274.939300000667572"
"SCH_0300","P.S. 127 McKinley Park","school","NYC_School_Points","-74.018428999999998","40.623686999999997","1","1","298440.805699996650219","50749.273499999195337"
"SCH_0301","P.S. 160 William T. Sampson","school","NYC_School_Points","-73.999044999999995","40.636932000000002","1","1","300080.910499997437000","52219.927299998700619"
"SCH_0302","P.S. 163 Bath Beach","school","NYC_School_Points","-74.007469000000000","40.606738999999997","1","1","299367.993699997663498","48867.114900000393391"
"SCH_0303","P.S. 164 Caesar Rodney","school","NYC_School_Points","-73.985738999999995","40.637101000000001","1","1","301206.532499998807907","52238.791900001466274"
"SCH_0304","Ralph A. Fabrizio School","school","NYC_School_Points","-74.018719000000004","40.630372999999999","1","1","298416.426899999380112","51491.738600000739098"
"SCH_0305","P.S. 176 Ovington","school","NYC_School_Points","-74.005205000000004","40.624834999999997","1","1","299559.723600000143051","50876.604400001466274"
"SCH_0306","P.S. 179 Kensington","school","NYC_School_Points","-73.977260000000001","40.640127000000000","1","1","301923.726999998092651","52574.971900001168251"
"SCH_0307","The SEEALL Academy","school","NYC_School_Points","-73.989249999999998","40.626454000000003","1","1","300909.664200000464916","51056.432000000029802"
"SCH_0308","P.S. 185 Walter Kassenbrock","school","NYC_School_Points","-74.033428999999998","40.623598000000001","1","1","297171.620600000023842","50739.765999998897314"
"SCH_0309","P.S. 186 Dr. Irving A Gladstone","school","NYC_School_Points","-73.994258000000002","40.610917000000001","1","1","300486.057499997317791","49331.057199999690056"
"SCH_0310","The Christa McAuliffe School\I.S. 187","school","NYC_School_Points","-74.003883000000002","40.627929000000002","1","1","299671.594099998474121","51220.177799999713898"
"SCH_0311","P.S. 192 - The Magnet School for Math and Science","school","NYC_School_Points","-73.979540000000000","40.628799999999998","1","1","301731.152699999511242","51317.094500001519918"
"SCH_0312","P.S. 200 Benson School","school","NYC_School_Points","-74.001914999999997","40.602809000000001","1","1","299838.039099998772144","48430.676100000739098"
"SCH_0313","The Madeleine Brennan School","school","NYC_School_Points","-74.013749000000004","40.619042999999998","1","1","298836.709299996495247","50233.499000001698732"
"SCH_0314","P.S. 204 Vince Lombardi","school","NYC_School_Points","-74.006136999999995","40.613534999999999","1","1","299480.778499998152256","49621.779899999499321"
"SCH_0315","P.S. 205 Clarion","school","NYC_School_Points","-73.986791999999994","40.614736999999998","1","1","301117.828199997544289","49755.324200000613928"
"SCH_0316","J.H.S. 220 John J. Pershing","school","NYC_School_Points","-74.001249999999999","40.640996999999999","1","1","299894.384300000965595","52671.334100000560284"
"SCH_0317","J.H.S. 223 The Montauk","school","NYC_School_Points","-73.982423999999995","40.635100000000001","1","1","301487.009800001978874","52016.637800000607967"
"SCH_0318","J.H.S. 227 Edward B. Shallow","school","NYC_School_Points","-73.995960999999994","40.622101999999998","1","1","300341.878300003707409","50573.107900001108646"
"SCH_0319","P.S. 229 Dyker","school","NYC_School_Points","-74.013585000000006","40.610331000000002","1","1","298850.436599999666214","49266.057000000029802"
"SCH_0320","P.S. 247 Brooklyn","school","NYC_School_Points","-73.987195000000000","40.612247000000004","1","1","301083.765399999916553","49478.812600001692772"
"SCH_0321","J.H.S. 259 William McKinley","school","NYC_School_Points","-74.014633000000003","40.626089000000000","1","1","298762.037799999117851","51015.947500001639128"
"SCH_0322","P.S. 264 Bay Ridge Elementary School For The Arts","school","NYC_School_Points","-74.029443999999998","40.621025000000003","1","1","297508.704199999570847","50453.921300001442432"
"SCH_0323","The School For Future Leaders","school","NYC_School_Points","-74.007532999999995","40.632142999999999","1","1","299362.819899998605251","51688.149999998509884"
"SCH_0324","The Detective WenJian Liu School of Civics and Ent","school","NYC_School_Points","-74.000889999999998","40.627037999999999","1","1","299924.821000002324581","51121.228000000119209"
"SCH_0325","School of Technology, Arts, and Research","school","NYC_School_Points","-74.022073000000006","40.618628000000001","1","1","298132.337700001895428","50187.558600001037121"
"SCH_0326","Joanne Seminara School of Law and Medicine","school","NYC_School_Points","-74.025887999999995","40.637031000000000","1","1","297810.122100003063679","52231.244199998676777"
"SCH_0327","New Utrecht High School","school","NYC_School_Points","-74.002307999999999","40.613041000000003","1","1","299804.806000001728535","49566.907099999487400"
"SCH_0328","High School of Telecommunication Arts and Technolo","school","NYC_School_Points","-74.023419000000004","40.636721000000001","1","1","298018.978399999439716","52196.760800000280142"
"SCH_0329","Fort Hamilton High School","school","NYC_School_Points","-74.038103000000007","40.626826999999999","1","1","296776.299199998378754","51098.497999999672174"
"SCH_0330","P.S. 503: The School of Discovery","school","NYC_School_Points","-74.019299000000004","40.641950000000001","1","1","298367.640000000596046","52777.341099999845028"
"SCH_0331","Franklin Delano Roosevelt High School","school","NYC_School_Points","-73.982583000000005","40.621299000000000","1","1","301473.863499999046326","50484.075899999588728"
"SCH_0334","The Academy of Talented Scholars","school","NYC_School_Points","-73.986677999999998","40.606994000000000","1","1","301127.606100000441074","48895.490499999374151"
"SCH_0337","District 20 Pre-K Center","school","NYC_School_Points","-74.025734000000000","40.622039000000001","1","1","297822.660599999129772","50566.423999998718500"
"SCH_0338","MS 936 Arts Off 3rd","school","NYC_School_Points","-74.020747999999998","40.642913999999998","1","1","298245.096100002527237","52884.418499998748302"
"SCH_0340","School of Math, Science, and Healthy Living","school","NYC_School_Points","-74.020342999999997","40.639518000000002","1","1","298279.266500003635883","52507.294500000774860"
"SCH_0341","P.S. 90 Edna Cohen School","school","NYC_School_Points","-73.980386999999993","40.578192000000001","0","0","301660.749899998307228","45697.227400001138449"
"SCH_0342","P.S. 095 The Gravesend","school","NYC_School_Points","-73.974664000000004","40.595996000000000","1","1","302144.743100002408028","47674.423700001090765"
"SCH_0343","I.S. 096 Seth Low","school","NYC_School_Points","-73.984984999999995","40.608134999999997","1","1","301270.868500001728535","49022.217999998480082"
"SCH_0344","P.S. 97 The Highlawn","school","NYC_School_Points","-73.985569999999996","40.601191000000000","1","1","301221.485799998044968","48251.101399999111891"
"SCH_0345","I.S. 98 Bay Academy","school","NYC_School_Points","-73.954047000000003","40.583893000000003","0","0","303890.619300000369549","46331.137699998915195"
"SCH_0346","P.S. 099 Isaac Asimov","school","NYC_School_Points","-73.966031000000001","40.621473999999999","1","1","302874.405299998819828","50503.919900000095367"
"SCH_0347","P.S. 100 The Coney Island School","school","NYC_School_Points","-73.970830000000007","40.577590999999998","0","0","302469.961000002920628","45630.713799998164177"
"SCH_0348","P.S. 101 The Verrazano","school","NYC_School_Points","-73.991962000000001","40.597378999999997","0","0","300680.501900002360344","47827.722300000488758"
"SCH_0349","P.S. 121 Nelson A. Rockefeller","school","NYC_School_Points","-73.978471999999996","40.622670999999997","1","1","301821.678700000047684","50636.509500000625849"
"SCH_0350","P.S. 128 Bensonhurst","school","NYC_School_Points","-73.995084000000006","40.604979999999998","1","1","300416.191500000655651","48671.768399998545647"
"SCH_0351","P.S. 153 Homecrest","school","NYC_School_Points","-73.960026999999997","40.601179000000002","1","1","303383.461400002241135","48250.440099999308586"
"SCH_0352","P.S. 177 The Marlboro","school","NYC_School_Points","-73.974424999999997","40.608168999999997","1","1","302164.579199999570847","49026.200699999928474"
"SCH_0353","P.S. 188 Michael E. Berdy","school","NYC_School_Points","-74.000489000000002","40.576732999999997","0","0","299958.717399999499321","45535.024900000542402"
"SCH_0354","P.S. 199 Frederick Wachtel","school","NYC_School_Points","-73.963025999999999","40.616309999999999","1","1","303128.915100000798702","49930.576799999922514"
"SCH_0355","P.S. 209 Margaret Mead","school","NYC_School_Points","-73.961190999999999","40.586799999999997","0","0","303285.647100001573563","46653.657200001180172"
"SCH_0356","P.S. 212 Lady Deborah Moody","school","NYC_School_Points","-73.985367999999994","40.587612000000000","0","0","301238.835100002586842","46743.202599998563528"
"SCH_0357","P.S. 215 Morris H. Weiss","school","NYC_School_Points","-73.970170999999993","40.602722000000000","1","1","302524.808700002729893","48421.443100001662970"
"SCH_0358","P.S. 216 Arturo Toscanini","school","NYC_School_Points","-73.969646999999995","40.590000000000003","1","0","302569.648800000548363","47008.723499998450279"
"SCH_0359","P.S. K225 - The Eileen E. Zaglin","school","NYC_School_Points","-73.955855999999997","40.580260000000003","0","0","303737.667999997735023","45927.627199999988079"
"SCH_0360","P.S. 226 Alfred De B. Mason","school","NYC_School_Points","-73.977098999999995","40.615405000000003","1","1","301938.063900001347065","49829.672499999403954"
"SCH_0361","I.S. 228 David A. Boody","school","NYC_School_Points","-73.976800999999995","40.600659999999998","1","1","301963.715000003576279","48192.295000001788139"
"SCH_0362","P.S. 238 Anne Sullivan","school","NYC_School_Points","-73.964585999999997","40.608801000000000","1","1","302997.242700003087521","49096.671999998390675"
"SCH_0363","Mark Twain I.S. 239 for the Gifted & Talented","school","NYC_School_Points","-73.992446999999999","40.578640000000000","0","0","300639.628200002014637","45746.817899998277426"
"SCH_0364","P.S. 253","school","NYC_School_Points","-73.961962000000000","40.580236999999997","0","0","303220.691600002348423","45924.830600000917912"
"SCH_0365","I.S. 281 Joseph B Cavallaro","school","NYC_School_Points","-73.993565000000004","40.594647999999999","0","0","300544.837499998509884","47524.442800000309944"
"SCH_0366","P.S. 288 The Shirley Tanyhill","school","NYC_School_Points","-73.992393000000007","40.574029000000003","0","0","300644.244900003075600","45234.783300001174212"
"SCH_0367","I.S. 303 Herbert S. Eisenberg","school","NYC_School_Points","-73.972009000000000","40.582518000000000","0","0","302369.959700003266335","46177.807000000029802"
"SCH_0368","P.S. 329 Surfside","school","NYC_School_Points","-73.995769999999993","40.574666000000001","0","0","300358.293799996376038","45305.500599998980761"
"SCH_0369","International High School at Lafayette","school","NYC_School_Points","-73.986312999999996","40.593027999999997","0","0","301158.739500001072884","47344.617800001055002"
"SCH_0372","Abraham Lincoln High School","school","NYC_School_Points","-73.968733000000000","40.582627000000002","0","0","302647.315499998629093","46190.004799999296665"
"SCH_0374","Edward R. Murrow High School","school","NYC_School_Points","-73.959141000000002","40.619670999999997","1","1","303457.495300002396107","50303.951299998909235"
"SCH_0375","John Dewey High School","school","NYC_School_Points","-73.981925000000004","40.588070000000002","1","0","301530.301500000059605","46794.116399999707937"
"SCH_0378","William E. Grady Career and Technical Education Hi","school","NYC_School_Points","-73.963763999999998","40.583263000000002","0","0","303067.982400000095367","46260.792500000447035"
"SCH_0380","Liberation Diploma Plus","school","NYC_School_Points","-73.985412999999994","40.576976000000002","0","0","301235.222099997103214","45562.111900001764297"
"SCH_0381","Brooklyn's Daily Discovery Pre-K Center","school","NYC_School_Points","-73.978093999999999","40.616486999999999","1","1","301853.834299996495247","49949.803599998354912"
"SCH_0382","J.H.S. 014 Shell Bank","school","NYC_School_Points","-73.938107000000002","40.593232000000000","0","0","305239.407099999487400","47369.031700000166893"
"SCH_0383","P.S. 052 Sheepshead Bay","school","NYC_School_Points","-73.940134999999998","40.588372000000000","0","0","305068.104299999773502","46829.226199999451637"
"SCH_0384","J.H.S. 078 Roy H. Mann","school","NYC_School_Points","-73.912914000000001","40.620536999999999","0","0","307368.997100003063679","50402.974399998784065"
"SCH_0385","P.S. 109","school","NYC_School_Points","-73.933098999999999","40.635841999999997","1","1","305659.724100001156330","52101.046500001102686"
"SCH_0386","P.S. 119 Amersfort","school","NYC_School_Points","-73.938732999999999","40.626038000000001","1","1","305183.867899999022484","51011.993400000035763"
"SCH_0387","P.S. K134","school","NYC_School_Points","-73.973179999999999","40.632145000000001","1","1","302269.130599997937679","51688.691899999976158"
"SCH_0388","P.S. 139 Alexine A. Fenty","school","NYC_School_Points","-73.965862000000001","40.641340000000000","1","1","302887.845499999821186","52709.984999999403954"
"SCH_0389","School of Science & Technology","school","NYC_School_Points","-73.954268999999996","40.632618999999998","1","1","303868.999499998986721","51741.990699999034405"
"SCH_0390","P.S. 193 Gil Hodges","school","NYC_School_Points","-73.950321000000002","40.622079999999997","1","1","304203.667000003159046","50571.848799999803305"
"SCH_0391","P.S. 194 Raoul Wallenberg","school","NYC_School_Points","-73.934162999999998","40.598069000000002","0","0","305572.865699999034405","47906.407200001180172"
"SCH_0392","P.S. 195 Manhattan Beach","school","NYC_School_Points","-73.943498000000005","40.580160999999997","0","0","304783.991499997675419","45917.234700001776218"
"SCH_0393","P.S. 197 - The Kings Highway Academy","school","NYC_School_Points","-73.951397999999998","40.612338999999999","1","1","304113.137699998915195","49490.090700000524521"
"SCH_0394","P.S. 198 Brooklyn","school","NYC_School_Points","-73.937083000000001","40.637600999999997","1","1","305322.550700001418591","52296.128600001335144"
"SCH_0395","P.S. 203 Floyd Bennett School","school","NYC_School_Points","-73.925731999999996","40.622107999999997","1","1","306284.240599997341633","50576.430100001394749"
"SCH_0396","P.S. 206 Joseph F Lamb","school","NYC_School_Points","-73.948453000000001","40.596876000000002","1","1","304363.373099997639656","47773.118200000375509"
"SCH_0397","P.S. 207 Elizabeth G. Leary","school","NYC_School_Points","-73.930485000000004","40.613981000000003","1","0","305882.786100000143051","49673.622600000351667"
"SCH_0398","P.S. 217 Colonel David Marcus School","school","NYC_School_Points","-73.966442000000001","40.633482000000001","1","1","302839.117799997329712","51837.358199998736382"
"SCH_0399","P.S. 222 Katherine R. Snyder","school","NYC_School_Points","-73.939205000000001","40.614004999999999","1","1","305144.859700001776218","49675.738800000399351"
"SCH_0400","J.H.S. 234 Arthur W. Cunningham","school","NYC_School_Points","-73.955217000000005","40.604447000000000","1","1","303790.397299997508526","48613.537599999457598"
"SCH_0401","P.S. 236 Mill Basin","school","NYC_School_Points","-73.912004999999994","40.615493999999998","0","0","307446.475599996745586","49843.042300000786781"
"SCH_0402","Andries Hudde","school","NYC_School_Points","-73.946836000000005","40.623787999999998","1","1","304498.432099997997284","50761.690000001341105"
"SCH_0403","P.S. 245","school","NYC_School_Points","-73.962743000000003","40.644927000000003","1","1","303151.511399999260902","53108.418699998408556"
"SCH_0404","P.S. 251 Paerdegat","school","NYC_School_Points","-73.923894000000004","40.631950000000003","1","1","306438.811800003051758","51669.487300001084805"
"SCH_0405","P.S. 254 Dag Hammarskjold","school","NYC_School_Points","-73.951549999999997","40.591102999999997","0","0","304101.578699998557568","47131.896800000220537"
"SCH_0406","P.S. 255 Barbara Reing School","school","NYC_School_Points","-73.955890999999994","40.604461000000001","1","1","303733.351499997079372","48615.063299998641014"
"SCH_0407","P.S. 277 Gerritsen Beach","school","NYC_School_Points","-73.927850000000007","40.595798000000002","0","0","306107.434399999678135","47654.641399998217821"
"SCH_0408","J.H.S. 278 Marine Park","school","NYC_School_Points","-73.938721000000001","40.606744999999997","1","0","305186.381899997591972","48869.567999999970198"
"SCH_0409","P.S. 312 Bergen Beach","school","NYC_School_Points","-73.909554000000000","40.622441999999999","0","0","307653.088500000536442","50614.806699998676777"
"SCH_0411","P.S. 326","school","NYC_School_Points","-73.928250000000006","40.628416999999999","1","1","306070.608599998056889","51276.847399998456240"
"SCH_0412","P.S. 361 East Flatbush Early Childhood School","school","NYC_School_Points","-73.947671999999997","40.637625000000000","1","1","304426.778599999845028","52298.204500000923872"
"SCH_0414","Midwood High School","school","NYC_School_Points","-73.952355999999995","40.632829000000001","1","1","304030.828100003302097","51765.396800000220537"
"SCH_0415","James Madison High School","school","NYC_School_Points","-73.947660999999997","40.610498999999997","1","1","304429.508900001645088","49285.946800000965595"
"SCH_0416","Leon M. Goldstein High School for the Sciences","school","NYC_School_Points","-73.934449000000001","40.578355999999999","0","0","305550.295400001108646","45717.329599998891354"
"SCH_0417","Brooklyn College Academy","school","NYC_School_Points","-73.972312000000002","40.649054999999997","1","1","302341.971199996769428","53566.521400000900030"
"SCH_0418","Origins High School","school","NYC_School_Points","-73.936634999999995","40.593156999999998","1","0","305364.018899999558926","47360.792199999094009"
"SCH_0420","The Joan Snow Pre-K Center","school","NYC_School_Points","-73.966207999999995","40.630108999999997","1","1","302859.058499999344349","51462.804299999028444"
"SCH_0421","P.S. 889","school","NYC_School_Points","-73.971010000000007","40.644860999999999","1","1","302452.248300001025200","53100.825199998915195"
"SCH_0423","P.S. 041 Francis White","school","NYC_School_Points","-73.906925000000001","40.660454999999999","1","1","307871.052699998021126","54836.271899998188019"
"SCH_0424","P.S. 137 Rachel Jean Mitchell","school","NYC_School_Points","-73.916640999999998","40.682248000000001","1","1","307047.111900001764297","57255.501800000667572"
"SCH_0425","P.S. 150 Christopher","school","NYC_School_Points","-73.905140000000003","40.668768000000000","1","1","308021.002300001680851","55759.570500001311302"
"SCH_0426","P.S./ I.S. 155 Nicholas Herkimer","school","NYC_School_Points","-73.908681999999999","40.677633999999998","1","1","307720.482600003480911","56743.799199998378754"
"SCH_0427","P.S. 156 Waverly","school","NYC_School_Points","-73.917879999999997","40.665553000000003","1","1","306944.107600003480911","55401.464899998158216"
"SCH_0428","P.S. 165 Ida Posner","school","NYC_School_Points","-73.910938000000002","40.657060999999999","1","1","307532.074799999594688","54459.024599999189377"
"SCH_0429","P.S. 178 Saint Clair Mckelway","school","NYC_School_Points","-73.915336999999994","40.675379999999997","1","1","307158.086300000548363","56492.932900000363588"
"SCH_0430","P.S. 184 Newport","school","NYC_School_Points","-73.905004000000005","40.660384999999998","1","1","308033.511200003325939","54828.673000000417233"
"SCH_0431","The Gregory Jocko Jackson School of Sports, Art, a","school","NYC_School_Points","-73.907634000000002","40.666941999999999","1","1","307810.336199998855591","55556.572599999606609"
"SCH_0432","P.S. 298 Dr. Betty Shabazz","school","NYC_School_Points","-73.907718000000003","40.671014999999997","1","1","307802.756899997591972","56008.861200001090765"
"SCH_0433","P.S./I.S. 323","school","NYC_School_Points","-73.911278999999993","40.666187000000001","1","1","307502.210100002586842","55472.413300000131130"
"SCH_0434","P.S. 327 Dr. Rose B. English","school","NYC_School_Points","-73.911788000000001","40.668232000000003","1","1","307458.941299997270107","55699.461699999868870"
"SCH_0437","Christopher Avenue Community School","school","NYC_School_Points","-73.906018000000003","40.672215999999999","1","1","307946.352300003170967","56142.381999999284744"
"SCH_0438","Riverdale Avenue Community School","school","NYC_School_Points","-73.913507999999993","40.659618000000002","1","1","307314.450199998915195","54742.754700001329184"
"SCH_0439","Brooklyn Collegiate: A College Board School","school","NYC_School_Points","-73.912684999999996","40.674455999999999","1","1","307382.406000003218651","56390.545000001788139"
"SCH_0440","Frederick Douglass Academy VII High School","school","NYC_School_Points","-73.912102000000004","40.665568000000000","1","1","307432.687700003385544","55403.604800000786781"
"SCH_0441","Kappa V (Knowledge and Power Preparatory Academy)","school","NYC_School_Points","-73.906661999999997","40.655644000000002","1","1","307893.862599998712540","54302.047100000083447"
"SCH_0443","Brooklyn Landmark Elementary School","school","NYC_School_Points","-73.910719000000000","40.680678999999998","1","1","307547.922499999403954","57081.761399999260902"
"SCH_0445","Eagle Academy for Young Men II","school","NYC_School_Points","-73.915105999999994","40.678123999999997","1","1","307177.321299999952316","56797.666200000792742"
"SCH_0451","P.S./I.S. 045 Horace E. Greene","school","NYC_School_Points","-73.910430000000005","40.686424000000002","1","1","307571.702200002968311","57719.754999998956919"
"SCH_0452","P.S. 075 Mayda Cortiella","school","NYC_School_Points","-73.921335999999997","40.693261000000000","1","1","306649.108699999749660","58478.102899998426437"
"SCH_0453","P.S. 086 The Irvington","school","NYC_School_Points","-73.917804000000004","40.700595000000000","1","1","306946.882799997925758","59292.801699999719858"
"SCH_0454","P.S. 106 Edward Everett Hale","school","NYC_School_Points","-73.913377999999994","40.693317999999998","1","1","307321.743299998342991","58485.067200001329184"
"SCH_0455","P.S. 116 Elizabeth L Farrell","school","NYC_School_Points","-73.916562999999996","40.698076999999998","1","1","307052.031700000166893","59013.282299999147654"
"SCH_0456","P.S. 123 Suydam","school","NYC_School_Points","-73.922387999999998","40.704076000000001","1","1","306559.125500001013279","59679.006000000983477"
"SCH_0457","P.S. 145 Andrew Jackson","school","NYC_School_Points","-73.932388000000003","40.701107000000000","1","1","305714.278499998152256","59348.604299999773502"
"SCH_0458","P.S. 151 Lyndon B. Johnson","school","NYC_School_Points","-73.908242000000001","40.693432000000001","1","1","307755.844099998474121","58498.168600000441074"
"SCH_0459","J.H.S. 162 The Willoughby","school","NYC_School_Points","-73.919642999999994","40.706816000000003","1","1","306790.826800003647804","59983.486499998718500"
"SCH_0460","The Brooklyn School for Math and Research","school","NYC_School_Points","-73.911750999999995","40.696457000000002","1","1","307458.912299998104572","58833.783500000834465"
"SCH_0461","P.S. 274 Kosciusko","school","NYC_School_Points","-73.928179999999998","40.694178999999998","1","1","306070.543799996376038","58579.547899998724461"
"SCH_0462","J.H.S. 291 Roland Hayes","school","NYC_School_Points","-73.915216999999998","40.695875000000001","1","1","307166.029200002551079","58768.864300001412630"
"SCH_0463","P.S. 299 Thomas Warren Field","school","NYC_School_Points","-73.917899000000006","40.690755000000003","1","1","306939.877999998629093","58200.083799999207258"
"SCH_0464","I.S. 347 School of Humanities","school","NYC_School_Points","-73.927937999999997","40.700809999999997","1","1","306090.392499998211861","59315.922899998724461"
"SCH_0466","P.S. 376","school","NYC_School_Points","-73.920186999999999","40.698050000000002","1","1","306745.742100000381470","59009.998599998652935"
"SCH_0467","P.S. 377 Alejandrina B. De Gautier","school","NYC_School_Points","-73.915159000000003","40.693542000000001","1","1","307171.182300001382828","58509.794599998742342"
"SCH_0468","J.H.S. 383 Philippa Schuyler","school","NYC_School_Points","-73.919088000000002","40.697898000000002","1","1","306838.642700001597404","58993.204599998891354"
"SCH_0469","P.S. /I.S. 384 Frances E. Carter","school","NYC_School_Points","-73.904695000000004","40.689883000000002","1","1","308056.078199997544289","58104.380399998277426"
"SCH_0471","EBC High School for Public Service - Bushwick","school","NYC_School_Points","-73.929315000000003","40.694723000000003","1","1","305974.561800003051758","58639.879900000989437"
"SCH_0474","All City Leadership Secondary School","school","NYC_School_Points","-73.913172000000003","40.697378000000000","1","1","307338.708300001919270","58935.938400000333786"
"SCH_0475","Evergreen Middle School for Urban Exploration","school","NYC_School_Points","-73.910589000000002","40.688647000000003","1","1","307558.009499996900558","57966.600200001150370"
"SCH_0477","Brooklyn Navy Yard STEAM Center","school","NYC_School_Points","-73.972767000000005","40.702258000000000","0","0","302301.650700002908707","59474.573100000619888"
"SCH_0479","P.S. 36","school","NYC_School_Points","-73.887195000000006","40.660465000000002","1","1","309539.527000002563000","54839.342999998480082"
"SCH_0482","P.S. K140","school","NYC_School_Points","-73.945599999999999","40.681919999999998","1","1","304599.003700003027916","57217.153200000524521"
"SCH_0485","P.S. 368","school","NYC_School_Points","-73.947557000000003","40.696697999999998","1","1","304432.579899996519089","58858.115699999034405"
"SCH_0486","P.S. K369 - Coy L. Cox School","school","NYC_School_Points","-73.983311999999998","40.687432000000001","1","1","301410.780199997127056","57827.954599998891354"
"SCH_0487","P.S. 370","school","NYC_School_Points","-73.969871999999995","40.577708999999999","0","0","302551.070900000631809","45643.844700001180172"
"SCH_0488","P.S. 371 - Lillian L. Rashkis","school","NYC_School_Points","-74.005167999999998","40.654305999999998","1","1","299563.047399997711182","54149.273400001227856"
"SCH_0490","P.S. 373 - Brooklyn Transition Center","school","NYC_School_Points","-73.945211000000000","40.699213999999998","1","1","304630.687899999320507","59137.633499998599291"
"SCH_0494","P.S. K753 - School for Career Development","school","NYC_School_Points","-73.969247999999993","40.682575999999997","1","1","302599.817400000989437","57289.028799999505281"
"SCH_0496","P.S. K811 Connie Lekas School","school","NYC_School_Points","-73.938609999999997","40.591132000000002","0","0","305196.991200000047684","47135.803899999707937"
"SCH_0508","Hellenic Classical Charter School","school","NYC_School_Points","-73.992254000000003","40.662984999999999","1","1","300655.141500003635883","55113.069299999624491"
"SCH_0513","Urban Dove Team Charter School","school","NYC_School_Points","-73.955004000000002","40.622425000000000","1","1","303807.399400003254414","50609.945900000631809"
"SCH_0514","Williamsburg Charter High School","school","NYC_School_Points","-73.935969000000000","40.703702999999997","1","1","305411.423399999737740","59636.657200001180172"
"SCH_0515","New Dawn Charter High School","school","NYC_School_Points","-73.990291999999997","40.682910000000000","1","1","300820.807499997317791","57325.708000000566244"
"SCH_0516","Achievement First Endeavor Charter School","school","NYC_School_Points","-73.965928000000005","40.682422000000003","1","1","302880.488300003111362","57272.031300000846386"
"SCH_0520","Excellence Boys Charter School of Bedford Stuyvesa","school","NYC_School_Points","-73.925850999999994","40.683446000000004","1","1","306268.406000003218651","57387.836899999529123"
"SCH_0525","PAVE Academy Charter School","school","NYC_School_Points","-74.003371999999999","40.675936000000000","0","0","299715.033500000834465","56551.221900001168251"
"SCH_0526","Brooklyn Ascend Charter School","school","NYC_School_Points","-73.920439999999999","40.661945000000003","1","1","306728.000500001013279","55000.606199998408556"
"SCH_0532","Brooklyn Prospect Charter School - CSD 15","school","NYC_School_Points","-74.007221999999999","40.653277000000003","1","1","299389.324400000274181","54035.018100000917912"
"SCH_0533","Brownsville Collegiate Charter School","school","NYC_School_Points","-73.944000000000003","40.706729000000003","1","1","304732.503700003027916","59972.223400000482798"
"SCH_0538","Brooklyn Excelsior Charter School","school","NYC_School_Points","-73.925087000000005","40.689568999999999","1","1","306332.410300001502037","58067.836699999868870"
"SCH_0541","Brownsville Ascend Charter School","school","NYC_School_Points","-73.918122999999994","40.668607999999999","1","1","306923.242600001394749","55740.695500001311302"
"SCH_0544","Brooklyn Scholars Charter School","school","NYC_School_Points","-73.867137999999997","40.669356000000001","1","1","311234.157399997115135","55829.042899999767542"
"SCH_0548","Hebrew Language Academy Charter School","school","NYC_School_Points","-73.914311999999995","40.612257999999997","0","0","307251.603100001811981","49483.501499999314547"
"SCH_0552","Brooklyn Urban Garden Charter School","school","NYC_School_Points","-73.982624000000001","40.656202000000000","1","1","301469.625500001013279","54359.951900001615286"
"SCH_0553","Canarsie Ascend Charter School","school","NYC_School_Points","-73.900431999999995","40.643833999999998","1","1","308422.233900003135204","52991.160300001502037"
"SCH_0562","Bedford Stuyvesant New Beginnings Charter School","school","NYC_School_Points","-73.937717000000006","40.694676000000001","1","1","305264.411499999463558","58634.121700000017881"
"SCH_0564","Imagine Me Leadership Charter School","school","NYC_School_Points","-73.883469000000005","40.660077000000001","1","0","309854.674999997019768","54796.669199999421835"
"SCH_0567","Central Brooklyn Ascend Charter School","school","NYC_School_Points","-73.948982000000001","40.638956999999998","1","1","304315.873800002038479","52446.053800001740456"
"SCH_0568","Brooklyn Dreams Charter School","school","NYC_School_Points","-73.969887000000000","40.632148999999998","1","1","302547.722800001502037","51689.226700000464916"
"SCH_0569","Cultural Arts Academy Charter School At Spring Cre","school","NYC_School_Points","-73.908340999999993","40.654519999999998","1","1","307751.997599996626377","54177.080099999904633"
"SCH_0570","Bushwick Ascend Charter School","school","NYC_School_Points","-73.908919999999995","40.693747999999999","1","1","307698.500600002706051","58533.199900001287460"
"SCH_0571","Brooklyn Laboratory Charter School","school","NYC_School_Points","-73.987398999999996","40.700429999999997","1","1","301065.093199998140335","59271.296300001442432"
"SCH_0572","Collegiate Academy for Mathematics and Personal Aw","school","NYC_School_Points","-73.888774999999995","40.657870000000003","1","0","309406.279600001871586","54551.004500001668930"
"SCH_0574","Brooklyn Prospect Charter School - CSD 13","school","NYC_School_Points","-73.956832000000006","40.681102000000003","1","1","303649.514799997210503","57125.787500001490116"
"SCH_0575","Success Academy Charter School - Bushwick","school","NYC_School_Points","-73.919652999999997","40.695974999999997","1","1","306791.085900001227856","58779.615699999034405"
"SCH_0577","Success Academy Charter School - Flatbush","school","NYC_School_Points","-73.957500999999993","40.648789999999998","1","1","303594.698700003325939","53537.595800001174212"
"SCH_0579","Hebrew Language Academy Charter School 2","school","NYC_School_Points","-73.986345000000000","40.600808000000001","1","1","301155.895999997854233","48208.560100000351667"
"SCH_0580","Cypress Hills Ascend Charter School","school","NYC_School_Points","-73.867070999999996","40.681182999999997","1","1","311237.829599998891354","57142.409499999135733"
"SCH_0582","Key Collegiate Charter School","school","NYC_School_Points","-73.910291999999998","40.665264000000001","1","1","307585.773999996483326","55370.001499999314547"
"SCH_0583","Ivy Hill Preparatory Charter School","school","NYC_School_Points","-73.922732999999994","40.643897000000003","1","1","306535.864000000059605","52996.252300001680851"
"SCH_0584","Brooklyn Prospect Charter School - CSD 15.2","school","NYC_School_Points","-73.978719999999996","40.647893000000003","1","1","301800.014300003647804","53437.333099998533726"
"SCH_0585","East Brooklyn Ascend Charter School","school","NYC_School_Points","-73.882154000000000","40.678075999999997","1","1","309963.190200001001358","56795.559700001031160"
"SCH_0586","LEEP Dual Language Academy Charter School","school","NYC_School_Points","-74.012089000000003","40.642876999999999","1","1","298977.540600001811981","52880.172499999403954"
"SCH_0587","Flatbush Ascend Charter School","school","NYC_School_Points","-73.954306000000003","40.652706000000002","1","1","303864.705799996852875","53972.592700000852346"
"SCH_0588","East Flatbush Ascend Charter School","school","NYC_School_Points","-73.939706000000001","40.652670999999998","1","1","305099.507700003683567","53969.453099999576807"
"SCH_0589","Brooklyn RISE Charter School","school","NYC_School_Points","-73.981971000000001","40.688909000000002","1","1","301524.102899998426437","57991.994500000029802"
"SCH_0593","ALC - Melrose Academy","school","NYC_School_Points","-73.929693000000000","40.702331999999998","1","1","305941.934299997985363","59484.817200001329184"
"SCH_0595","ALC - Albany","school","NYC_School_Points","-73.938969000000000","40.670841000000003","1","1","305160.433899998664856","55987.226700000464916"
"SCH_0599","ALC - P.S. 138K ANNEX","school","NYC_School_Points","-73.944961000000006","40.673769999999998","1","1","304653.592299997806549","56312.149199999868870"
